{
  "serverErrorMessages": {
    "genericErrorMessage": "We have encountered an issue fulfilling your request. We apologize for the inconvenience.",
    "300": "Something wrong when fetching record!",
    "301": "Location already exist",
    "302": "Failed adding data",
    "303": "Failed updating data",
    "304": "Problem when deleting data",
    "305": "Could not find data",
    "306": "Something wrong when uploading file!",
    "307": "Please select an file to upload",
    "308": "Only files .json are allowed!",
    "309": "Could not find location code",
    "310": "Could not find location data",
    "312": "Could not find this folder or this folder is not shared",
    "100": "Failed to find data",
    "101": "Failed to update data",
    "102": "Failed to remove data",
    "103": "Failed to insert data",
    "104": "This is the template filter. Please remove template filter",
    "105": "Document Field was used for the company",
    "106": "Field Group has been used",
    "107": "Data already exists",
    "108": "Get Matching Type Failed",
    "200": "Failed fetching data documents!",
    "201": "Failed fetching data document fields!",
    "202": "Failed fetching data company document fields!",
    "203": "Failed fetching data company document!",
    "204": "Failed adding company document fields!",
    "205": "Failed updating company document fields!",
    "400": "Not found any common data in database",
    "401": "Something wrong in fetching all common data",
    "402": "Not found data in this case",
    "403": "Something wrong in fetching this common data",
    "404": "Something wrong when update common data value",
    "405": "Something wrong in update common data processing",
    "406": "Something wrong when create new common data",
    "501": "Failed to find data ",
    "502": "Failed to remove data",
    "503": "Failed to update data",
    "504": "Failed to insert data",
    "505": "Failed to upload file",
    "506": "Failed to read file",
    "507": "Error getting the file",
    "700": "Failed to find document",
    "701": "Failed to find data",
    "800": "Not found document field",
    "801": "Failed to get biz logic",
    "802": "Failed to update biz logic",
    "803": "Failed to create biz logic",
    "804": "Not found location information",
    "805": "Not found rule field",
    "900": "Failed to fetch data",
    "901": "Failed add new data dynamic type",
    "902": "Failed update data dynamic type",
    "1000": "",
    "1100": "",
    "1111": "Template error",
    "1112": "Template error",
    "1113": "Template error",
    "1114": "Template error",
    "2000": "Matching Process Failed!!!",
    "2100": "Submit template Failed!!!",
    "2200": "Submit extraction Failed!!!",
    "3000": "Failed to get"
  }
}
