{
  "BTN_APPROVE":"1",
  "BTN_DELETE":"2",
  "BTN_NEW":"3",
  "BTN_SAVE":"4",
  "BTN_SEARCH":"5",
  "BTN_REQUEST_APPROVAL":"6",
  "BTN_REJECT":"7",
  "BTN_UPDATE":"8",
  "BTN_CONFIRM":"9",
  "BTN_REVIEW_APPROVAL":"10",
  "BTN_CREATE_WBS":"11",
  "BTN_CREATE_PROJECT_TASK":"12",
  "BTN_CHANGE_WBS":"13",
  "BTN_MANAGE_GROUP":"14",
  "BTN_MANAGER":"15",
  "BTN_MOVE":"16",
  "BTN_CATEGORY":"17",
  "BTN_USER_RGST":"18",
  "BTN_CREATE_ROLE":"19",
  "BTN_MODULE_ADD":"20",
  "BTN_MODULE_DEL":"21",
  "BTN_CHANGE_PROJECT":"22",
  "BTN_APPROVAL_BATCH":"23",
  "BTN_DONE":"24",
  "BTN_VALIDATE":"25",
  "BTN_EXPORT":"26",
  "BTN_DB_CREATION":"27",
  "BTN_LOCK":"28",
  "BTN_UNLOCK":"29",
  "BTN_EDIT":"30",
  "BTN_IMPORT":"31",
  "BTN_CHECK":"32",
  "BTN_ADD_NODE":"33",
  "BTN_DELETE_NODE":"34",
  "BTN_ADD_USER":"35",
  "BTN_REMOVE_USER":"36",
  "BTN_ADD":"37",
  "BTN_BROWSE":"38",
  "BTN_CLEAR":"39",
  "BTN_SUBMIT":"40",
  "BTN_SAVE_AS_TEMPLATE":"41",
  "BTN_NONE_STANDARD":"42",
  "BTN_DISCARD":"43",
  "BTN_CANCEL":"44",
  "BTN_NEXT":"45",
  "BTN_CLOSE":"46",
  "BTN_NEXT_ENTITY":"47",
  "BTN_NEXT_ATTRIBUTE":"48",
  "BTN_DBREQUEST":"49",
  "BTN_UP":"50",
  "BTN_DOWN":"51",
  "BTN_OK":"52",
  "BTN_RELEASE_LOCK":"53",
  "BTN_APPLY":"54",
  "BTN_UI":"55",
  "BTN_MODIFY":"56",
  "BTN_DELETE_CATEGORY":"57",
  "BTN_DELETE_MENU":"58",
  "BTN_EVENT":"59",
  "BTN_ATTR_MGMT":"60",
  "BTN_SAVE_DRAFT":"61",
  "BTN_HISTORY":"62",
  "BTN_DIAGRAM":"63",
  "BTN_SCREEN_DETAIL":"64",
  "BTN_SQL":"65",
  "BTN_ERD":"66",
  "BTN_USE_COMMON":"67",
  "BTN_GENERATE_CHECK_LIST":"68",
  "BTN_SELECT":"69",
  "BTN_SYNCHRONIZE":"70",
  "BTN_CHANGE_LANGUAGE":"71",
  "BTN_NEW_GROUP":"72",
  "BTN_FIND_NEXT":"73",
  "BTN_REPORT":"74",
  "BTN_NEW_ENTITY":"75",
  "BTN_EDIT_ENTITY":"76",
  "BTN_DELETE_ENTITY":"77",
  "BTN_PRINT":"78",
  "BTN_UNUSED_ITEM":"79",
  "BTN_TRANSFER":"80",
  "BTN_FINISH":"81",
  "BTN_VIEW_REPORT":"82",
  "BTN_REGISTER":"83",
  "BTN_COPY":"84",
  "BTN_RELATIONSHIP":"85",
  "BTN_MAKE_RELATIONSHIP":"86",
  "BTN_REMOVE_RELATIONSHIP":"87",
  "BTN_SELF_RELATIONSHIP":"88",
  "BTN_SHOW_SQL":"89",
  "BTN_EDIT_PHYSICAL":"90",
  "BTN_CREATE_TASK":"91",
  "BTN_ADD_REF":"92",
  "BTN_REMOVE":"93",
  "BTN_START":"94",
  "BTN_SQL_LOGIC":"95",
  "BTN_OPEN_TEMPLATE":"96",
  "BTN_CRUD_MATRIX":"97",
  "BTN_ADD_PREFIX":"98",
  "BTN_ROLL_BACK":"99",
  "BTN_INDEX_MANAGEMNET":"100",
  "BTN_MAPPING":"101",
  "BTN_AUTO_MAPPING":"102",
  "BTN_COMMENT":"103",
  "BTN_SELECT_ITEM":"104",
  "BTN_UNMAPPING":"105",
  "BTN_PREVIOUS":"106",
  "BTN_CHANGE":"107",
  "BTN_DB_CATALOG":"108",
  "BTN_FUNCTION_LOGIC":"109"
}
